Channel,Platform/Specific Group,Audience Size Estimate,Engagement Rate Potential,Content Type,WeeklyMind Messaging,Cost,Time Investment,Priority Score
Reddit Mental Health Communities,r/mentalhealth,15M+ members,2-5% karma-based engagement,Educational posts,AMA about weekly reflection,'free',5 hrs/week,9
Reddit r/ productivity,1.5M members,3-6% productivity-focused users,Case studies,5-minute weekly habit,free,3 hrs/week,8
LinkedIn HR Groups,500K+ HR professionals,1-2% B2B engagement,White papers,Workplace wellness ROI,free,2 hrs/week,7
Caregiver Support Facebook Groups,2M+ caregivers,2-4% engagement,Supportive content,Self-care for caregivers,free,2 hrs/week,8
Student Counseling Centers,5000+ US universities,Variable,Partnership outreach,Free for students,time (meetings),High,6
Remote Worker Discord Servers,500K+ remote workers,5-10% Discord engagement,Community building,Privacy from employers,free,4 hrs/week,9
Privacy Forums (r/privacy),500K+ privacy-conscious,2-3% technically savvy,Technical deep-dives,Local-only data,free,1 hr/week,6
Therapy TikTok Creators,10M+ mental health creators,1-3% creator collab,Video content,30-second app demo,Product (free promo),3 hrs/week,8
HR Tech Conferences,SHRM,2K+ attendees,High B2B intent,Booth/presentation,Enterprise demo,$,High,7
Product Hunt Launch,1M+ early adopters,5-10% launch spike,Launch campaign,Launch day promotion,$,Medium (production),High,10
Email Outreach (HR Directors),Direct outreach,1-5% response rate,Personalized emails,ROI case studies,Free (time),5 hrs/week for 50 emails,6
Wellness Podcast Sponsorships,500K+ listeners per episode,0.5-1% conversion,Host-read ad,Launch promo code,$-$$$,2 hrs recording,7
Parent Reddit Communities,r/parenting,5M+ parents,2-4% engagement,Relatable parenting stress,5 minutes for yourself,free,2 hrs/week,8
Self-Improvement Subreddits,r/selfimprovement,20M+ members,2-4% engagement,Success stories,Weekly streak feature,free,2 hrs/week,7
Online Therapy Platforms,BetterHelp, etc,Referral partnership,Guest content,Complementary to therapy,$,Legal review needed,5
