Segment Name,Target Audience,Age Range,Pain Points,Needs,Where to Find,Why WeeklyMind?,Engagement Strategy
Overwhelmed Professionals,Corporate workers,25-45,"Constant stress, no reflection time, burnout, long work hours","Quick weekly check-in, privacy, no tracking, simple habit",LinkedIn, HR forums, workplace wellness programs,Email outreach to HR departments,"5-min weekly ritual, privacy-first messaging, 'what mattered this week' angle"
Burned Out Caregivers,Parents, healthcare workers,25-55,"Exhaustion, no 'me time', emotional overwhelm, feel unseen","Micro-reflections, private outlet, quick mood tracking",Caregiver support groups, Reddit r/CaregiverSupport, Facebook groups for parents,Local hospitals and care facilities,Emphasize '5 minutes for yourself', private nature
Stressed Students,University/college students,18-30,"Academic pressure, anxiety, impostor syndrome, social comparison","Low-friction journaling, mood patterns, anxiety management",Reddit r/college, r/mentalhealth, university Discord servers,Student counseling centers,Free tier messaging, 'understand your stress patterns'
Remote Workers,Digital nomads, freelancers, tech workers,28-45,"Isolation, work-life blur, overwork, lack of routine","Weekly anchor point, track energy/mood across weeks",r/digitalnomad, Twitter/X wellness communities, co-working spaces,Slack communities for remote workers,"Privacy from employer, energy tracking, weekly reflection ritual"
Anxious Introverts,People who avoid therapy,30-50,"Social anxiety, fear of judgment, distrust of 'apps that track everything'","Zero tracking, local storage, no accounts, no cloud",Reddit r/Anxiety, r/introvert, mental health forums,therapy review sites,Privacy guarantee messaging, 'nothing leaves your device', no login required
Burnout Recoverers,People recovering from burnout,25-50,"Post-burnout vulnerability, fear of relapse, need to monitor stress","Gentle check-ins, gratitude practice, no pressure",r/burnout, therapy TikTok, wellness podcasts,Emphasize gentle approach, non-judgmental, weekly progress over daily
Busy Parents,Working parents,28-50,"Parenting stress, guilt, no time for self-care","Quick capture of thoughts, weekly patterns, private reflection",Facebook parenting groups, local PTA groups,Parent Instagram accounts,Emphasize '5 minutes when kids are asleep', private journal feel
Tech-Skeptical Privacy-First Users,People who distrust big tech,25-55,"App fatigue, privacy concerns, data selling fears","Zero data collection, local-only, no accounts, no tracking",r/privacy, data privacy forums, EFF community,Emphasize '100% local', 'nothing uploaded', open source feel
Corporate Wellness Program Seekers,HR managers, wellness coordinators,30-55,"Finding tools employees will actually use, privacy compliance, ROI","Anonymous group insights, employee wellness tracking, GDPR compliant",LinkedIn HR groups, SHRM forums, corporate wellness conferences,Emphasize group anonymized insights, compliance, manager dashboard
Self-Improvement Enthusiasts,Productivity hackers, self-trackers,22-40,"Optimizing mental health, data-driven self-improvement, habit building","Weekly metrics, mood trends, consistency tracking",r/productivity, r/selfimprovement, Bullet Journal communities,Twitter productivity accounts,Weekly data visualization, streak tracking, insights dashboard
